<metadata xml:lang="en">
	<Esri>
		<DataProperties>
			<itemProps>
				<itemName Sync="TRUE">AboriginalBoundariesBandsTable</itemName>
				<imsContentType Sync="TRUE">002</imsContentType>
				<itemSize Sync="TRUE">0.000</itemSize>
				<itemLocation>
					<linkage Sync="TRUE">file://\\UTL-192-190\Z\mnt\geo\sunil\DMTI\2021\Tables\AboriginalBoundariesBandsTable.dbf</linkage>
					<protocol Sync="TRUE">Local Area Network</protocol>
				</itemLocation>
			</itemProps>
			<lineage>
				<Process ToolSource="z:\home\manikons\arcgis\server\framework\runtime\arcgis\Resources\ArcToolbox\toolboxes\Data Management Tools.tbx\CopyRows" Date="20210217" Time="155258">CopyRows /mnt/geo/Data_for_Loading/DMTI/CanMapContentSuite/v2020.3/CanMapContentSuitev2020.3/CAN/Data/CanMapContentSuite.gdb\AboriginalBoundariesBandsTable Z:\mnt\geo\sunil\DMTI\2021\Tables\AboriginalBoundariesBandsTable.dbf #</Process>
			</lineage>
		</DataProperties>
		<SyncDate>20210217</SyncDate>
		<SyncTime>15525700</SyncTime>
		<ModDate>20210217</ModDate>
		<ModTime>15525700</ModTime>
	</Esri>
	<dataIdInfo>
		<idCitation>
			<resTitle Sync="FALSE">Aboriginal Boundaries Bands Table</resTitle>
			<Title>Aboriginal Boundaries Bands Table</Title>
			<presForm>
				<PresFormCd Sync="FALSE"/>
			</presForm>
			<resRefDate>
				<refDate>20180615</refDate>
				<refDateType>
					<DateTypCd value="001"/>
				</refDateType>
			</resRefDate>
			<resRefDate>
				<refDate>20200915</refDate>
				<refDateType>
					<DateTypCd value="003"/>
				</refDateType>
			</resRefDate>
			<resRefDate>
				<refDate>20200915</refDate>
				<refDateType>
					<DateTypCd value="002"/>
				</refDateType>
			</resRefDate>
			<resEdDate>20200915</resEdDate>
			<resEd>2020.3</resEd>
		</idCitation>
		<dataLang>
			<languageCode value="en" Sync="FALSE"/>
			<countryCode value="" Sync="TRUE"/>
		</dataLang>
		<idAbs>This table identifies which native bands are associated with a given land parcel in the AboriginalBoundariesRegion layer</idAbs>
		<descKeys KeyTypCd="005">
			<keyTyp>
				<KeyTypCd value="005"/>
			</keyTyp>
			<keyword>Boundaries And Places</keyword>
			<thesaName>
				<resTitle>N/A</resTitle>
			</thesaName>
		</descKeys>
		<dataScale>
			<equScale>
				<rfDenom>1000/50000</rfDenom>
			</equScale>
		</dataScale>
		<resMaint>
			<maintFreq>
				<MaintFreqCd value="008"/>
			</maintFreq>
			<dateNext>20210315</dateNext>
		</resMaint>
		<dataExt>
			<tempEle>
				<TempExtent>
					<exTemp>
						<TM_GeometricPrimitive>
							<TM_Period>
								<begin>20180615</begin>
								<end>20200315</end>
							</TM_Period>
						</TM_GeometricPrimitive>
					</exTemp>
				</TempExtent>
			</tempEle>
		</dataExt>
		<resConst>
			<Consts>
				<useLimit>As Per End User License Agreement</useLimit>
			</Consts>
		</resConst>
		<envirDesc Sync="TRUE">Microsoft Windows 7 Version 6.1 (Build 7601) Service Pack 1; Esri ArcGIS 12.6.0.24234</envirDesc>
		<spatRpType>
			<SpatRepTypCd value="003" Sync="TRUE"/>
		</spatRpType>
	</dataIdInfo>
	<idinfo>
		<citation>
			<citeinfo>
				<title Sync="FALSE">Aboriginal Boundaries Bands Table</title>
				<ftname Sync="FALSE">Aboriginal Boundaries Bands Table</ftname>
				<origin>DMTI Spatial Inc.</origin>
				<pubdate>20200915</pubdate>
				<onlink>Please enter file location path here.</onlink>
				<onlink Sync="FALSE"/>
			</citeinfo>
		</citation>
		<descript>
			<langdata value="en" Sync="FALSE"/>
			<abstract>This table identifies which native bands are associated with a given land parcel in the AboriginalBoundariesRegion layer</abstract>
			<supplinf>Enhanced NRCAN source data</supplinf>
			<purpose>To provide enhanced information about Canada's aboriginal areas.</purpose>
		</descript>
		<keywords>
			<theme>
				<themekey>Keywords:</themekey>
				<themekey>Boundaries And Places</themekey>
				<themekt>N/A</themekt>
			</theme>
		</keywords>
		<status>
			<update>Annually</update>
			<progress>Complete</progress>
		</status>
		<timeperd>
			<current>publication date</current>
			<timeinfo>
				<rngdates>
					<begdate>20180615</begdate>
					<enddate>20200315</enddate>
				</rngdates>
			</timeinfo>
		</timeperd>
		<ptcontac>
			<cntinfo>
				<cntorgp>
					<cntper>Rick Andrews</cntper>
					<cntorg>DMTI Spatial Inc.</cntorg>
				</cntorgp>
				<cntaddr>
					<addrtype>mailing and physical address</addrtype>
					<city>Richmond Hill</city>
					<state>ON</state>
					<postal>L4B 4N4</postal>
					<address>30 Leek Crescent</address>
					<country>Canada</country>
				</cntaddr>
				<cntvoice>905-948-2000</cntvoice>
				<cntpos>Sr. Manager</cntpos>
				<cntfax>905-948-9404</cntfax>
				<cntemail>randrews@dmtispatial.com</cntemail>
			</cntinfo>
		</ptcontac>
	</idinfo>
	<mdLang>
		<languageCode value="en" Sync="FALSE"/>
		<countryCode value="" Sync="TRUE"/>
	</mdLang>
	<metainfo>
		<langmeta value="en" Sync="FALSE"/>
		<metc>
			<cntinfo>
				<cntorgp>
					<cntper>Rick Andrews</cntper>
					<cntorg>DMTI Spatial Inc.</cntorg>
				</cntorgp>
				<cntaddr>
					<addrtype>mailing address</addrtype>
					<city>Richmond Hill</city>
					<state>Ontario</state>
					<postal>L4B 4N4</postal>
					<address>30 Leek Crescent</address>
					<country>Canada</country>
				</cntaddr>
				<cntvoice>905-948-2000</cntvoice>
				<cntpos>Sr. Manager</cntpos>
				<cntfax>905-948-9404</cntfax>
				<cntemail>randrews@dmtispatial.com</cntemail>
			</cntinfo>
		</metc>
	</metainfo>
	<mdContact>
		<rpIndName>Rick Andrews</rpIndName>
		<rpOrgName>DMTI Spatial Inc.</rpOrgName>
		<rpPosName>Sr. Manager</rpPosName>
		<role>
			<RoleCd value="007"/>
		</role>
		<rpCntInfo>
			<cntAddress>
				<delPoint>30 Leek Crescent</delPoint>
				<city>Richmond Hill</city>
				<adminArea>Ontario</adminArea>
				<postCode>L4B 4N4</postCode>
				<eMailAdd>randrews@dmtispatial.com</eMailAdd>
				<country>ca</country>
			</cntAddress>
			<cntPhone>
				<voiceNum>905-948-2000</voiceNum>
				<faxNum>905-948-9404</faxNum>
			</cntPhone>
		</rpCntInfo>
	</mdContact>
	<dqInfo>
		<dataLineage>
			<statement>Enhanced NRCAN source data</statement>
		</dataLineage>
	</dqInfo>
	<dataqual>
		<posacc>
			<horizpa>
				<qhorizpa>
					<horizpav>1:1000</horizpav>
					<horizpae>The minimum scale at which the dataset was digitized or the best scale to view the data.</horizpae>
				</qhorizpa>
				<qhorizpa>
					<horizpav>1:50000</horizpav>
					<horizpae>The maximum scale at which the dataset was digitized or the best scale to view the data.</horizpae>
				</qhorizpa>
			</horizpa>
		</posacc>
	</dataqual>
	<spref>
		<horizsys>
			<cordsysn>
				<geogcsn Sync="TRUE"/>
			</cordsysn>
		</horizsys>
	</spref>
	<distInfo>
		<distributor>
			<distorCont>
				<rpIndName>Account Manager</rpIndName>
				<rpOrgName>DMTI Spatial Inc.</rpOrgName>
				<rpPosName>Sales Account Manager</rpPosName>
				<rpCntInfo>
					<cntAddress>
						<delPoint>30 Leek Crescent</delPoint>
						<city>Richmond Hill</city>
						<adminArea>ON</adminArea>
						<postCode>L4B 4N4</postCode>
						<eMailAdd>info@dmtispatial.com</eMailAdd>
						<country>ca</country>
					</cntAddress>
					<cntPhone>
						<rptInfo>
							<voiceNum>1-877-477-3684</voiceNum>
							<faxNum>1-905-948-9404</faxNum>
						</rptInfo>
						<voiceNum>1-877-477-3684</voiceNum>
						<faxNum>1-905-948-9404</faxNum>
					</cntPhone>
				</rpCntInfo>
				<role>
					<RoleCd value="001"/>
				</role>
			</distorCont>
			<distorTran>
				<onLineSrc>
					<linkage Sync="FALSE">Please enter file location path here.</linkage>
				</onLineSrc>
			</distorTran>
			<distorordPrc>
				<ordTurn>Off the shelf CanMap® products are shipped in 3-5 business days Custom CanMap products are fulfilled in 7-10 business days</ordTurn>
			</distorordPrc>
			<distorFormat>
				<formatName/>
			</distorFormat>
		</distributor>
		<distFormat>
			<formatName Sync="TRUE">dBASE Table</formatName>
		</distFormat>
		<distTranOps>
			<transSize Sync="TRUE">0.000</transSize>
		</distTranOps>
	</distInfo>
	<refSysInfo>
		<RefSystem>
			<refSysID>
				<identCode Sync="FALSE"/>
			</refSysID>
		</RefSystem>
	</refSysInfo>
	<mdHrLv>
		<ScopeCd value="007" Sync="TRUE"/>
	</mdHrLv>
	<mdHrLvName Sync="TRUE">dataset</mdHrLvName>
	<eainfo>
		<detailed Name="AboriginalBoundariesBandsTable">
			<enttyp>
				<enttypl Sync="TRUE">AboriginalBoundariesBandsTable</enttypl>
				<enttypt Sync="TRUE">Table</enttypt>
				<enttypc Sync="TRUE">0</enttypc>
			</enttyp>
			<attr>
				<attrlabl Sync="TRUE">OID</attrlabl>
				<attalias Sync="TRUE">OID</attalias>
				<attrtype Sync="TRUE">OID</attrtype>
				<attwidth Sync="TRUE">4</attwidth>
				<atprecis Sync="TRUE">0</atprecis>
				<attscale Sync="TRUE">0</attscale>
				<attrdef Sync="TRUE">Internal feature number.</attrdef>
				<attrdefs Sync="TRUE">Esri</attrdefs>
				<attrdomv>
					<udom Sync="TRUE">Sequential unique whole numbers that are automatically generated.</udom>
				</attrdomv>
			</attr>
			<attr>
				<attrlabl Sync="TRUE">BOUND_UID</attrlabl>
				<attalias Sync="TRUE">BOUND_UID</attalias>
				<attrtype Sync="TRUE">String</attrtype>
				<attwidth Sync="TRUE">36</attwidth>
				<atprecis Sync="TRUE">0</atprecis>
				<attscale Sync="TRUE">0</attscale>
			</attr>
			<attr>
				<attrlabl Sync="TRUE">BAND_NUM</attrlabl>
				<attalias Sync="TRUE">BAND_NUM</attalias>
				<attrtype Sync="TRUE">Integer</attrtype>
				<attwidth Sync="TRUE">10</attwidth>
				<atprecis Sync="TRUE">10</atprecis>
				<attscale Sync="TRUE">0</attscale>
			</attr>
			<attr>
				<attrlabl Sync="TRUE">BAND_NAME</attrlabl>
				<attalias Sync="TRUE">BAND_NAME</attalias>
				<attrtype Sync="TRUE">String</attrtype>
				<attwidth Sync="TRUE">100</attwidth>
				<atprecis Sync="TRUE">0</atprecis>
				<attscale Sync="TRUE">0</attscale>
			</attr>
		</detailed>
	</eainfo>
	<mdDateSt Sync="TRUE">20210217</mdDateSt>
</metadata>
